{"properties": [
  {
    "name": "application.security.jwt.secret-key",
    "type": "java.lang.String",
    "description": "A description for 'application.security.jwt.secret-key'"
  },
  {
    "name": "eureka.client.instance.hostname",
    "type": "java.lang.String",
    "description": "A description for 'eureka.client.instance.hostname'"
  },
  {
    "name": "application.security.jwt.secret-key",
    "type": "java.lang.String",
    "description": "A description for 'application.security.jwt.secret-key'"
  },
  {
    "name": "application.security.jwt.secret-key",
    "type": "java.lang.String",
    "description": "A description for 'application.security.jwt.secret-key'"
  },
  {
    "name": "application.security.jwt.secret-key",
    "type": "java.lang.String",
    "description": "A description for 'application.security.jwt.secret-key'"
  },
  {
    "name": "application.security.jwt.secret-key",
    "type": "java.lang.String",
    "description": "A description for 'application.security.jwt.secret-key'"
  }
]}